Sample,Region,Platform,Station,Grab,Year,X18S,COI,THC,PAH,NPD,As,Ba,Cd,Cr,Cu,Hg,Ni,Pb,Zn,NSI,Depth,UTM31E,UTM31N,WGS84E,WGS84N,piHC,piMetals,pi
DA01.1.2018,II,GK,DA01,1,2018,TRUE,TRUE,5,0.1,0.09,2.1,340,0.03,10,2.7,0,6,6.4,15,25,116,424243.4,6493546,1.696,58.574,0.1303703704,0.7357690203,0.4330696953
DA01.3.2018,II,GK,DA01,3,2018,TRUE,TRUE,6,0.1,0.11,2.2,320,0.03,9.8,2.6,0,5.6,6.4,15,25,116,424243.4,6493546,1.696,58.574,0.1303703704,0.7357690203,0.4330696953
DA01.4.2018,II,GK,DA01,4,2018,TRUE,TRUE,NA,NA,NA,NA,NA,NA,NA,NA,NA,NA,NA,NA,25,116,424243.4,6493546,1.696,58.574,0.1303703704,0.7357690203,0.4330696953
DA01.5.2018,II,GK,DA01,5,2018,TRUE,TRUE,NA,NA,NA,NA,NA,NA,NA,NA,NA,NA,NA,NA,25,116,424243.4,6493546,1.696,58.574,0.1303703704,0.7357690203,0.4330696953
OSS04.1.2019,III,OSS,OSS04,1,2019,TRUE,TRUE,13,0.03,0.55,3.5,217,0.01,3.1,0.7,0,NA,3,7,25.77,102,488975.145,6694908.6226,2.798,60.388,0.1257407407,0.4201970443,0.2729688925
OSS04.2.2019,III,OSS,OSS04,2,2019,TRUE,TRUE,6,0.01,0.3,3.3,168,0,3.1,1.4,0,NA,2.9,20,25.77,102,488975.145,6694908.6226,2.798,60.388,0.1257407407,0.4201970443,0.2729688925
OSS04.3.2019,III,OSS,OSS04,3,2019,TRUE,TRUE,6,0.02,0.38,3.5,185,0.01,3,0.6,0,NA,2.8,6,25.77,102,488975.145,6694908.6226,2.798,60.388,0.1257407407,0.4201970443,0.2729688925
OSS11.1.2019B,III,OSS,OSS11,1,2019,TRUE,FALSE,68,0.03,0.62,4.3,1757,0.02,4.6,2,0,NA,3,9,24.47,97,488634.352,6695221.5365,2.792,60.391,1.1416666667,1.7376180213,1.439642344
OSS11.2.2019B,III,OSS,OSS11,2,2019,TRUE,FALSE,127,0.05,0.92,3.9,1422,0.02,4.5,1.7,0,NA,2.8,7,24.47,97,488634.352,6695221.5365,2.792,60.391,1.1416666667,1.7376180213,1.439642344
OSS11.3.2019B,III,OSS,OSS11,3,2019,TRUE,FALSE,75,0.02,0.68,3.7,822,0.01,3.4,1.1,0,NA,2.6,6,24.47,97,488634.352,6695221.5365,2.792,60.391,1.1416666667,1.7376180213,1.439642344
OSS11A1.1.2019B,III,OSS,OSS11A1,1,2019,TRUE,FALSE,45646,2.66,39.66,12,7436,0.18,32.5,25.4,0.03,NA,13.4,56,7.03,103,488560,6695046,2.791,60.39,4.035,3.3257936508,3.6803968254
OSS11A1.2.2019B,III,OSS,OSS11A1,2,2019,TRUE,FALSE,27011,2.45,45.78,13.5,8790,0.08,37.3,34.6,0.02,NA,16.1,76,7.03,103,488560,6695046,2.791,60.39,4.035,3.3257936508,3.6803968254
OSS11A1.3.2019B,III,OSS,OSS11A1,3,2019,TRUE,FALSE,22004,1.31,31.21,11.2,7872,0.22,26.6,22.1,0.02,NA,13.8,49,7.03,103,488560,6695046,2.791,60.39,4.035,3.3257936508,3.6803968254
OSS21A1.1.2019,III,OSS,OSS21A1,1,2019,TRUE,TRUE,117687,3.05,52.95,12.9,9225,0.1,58.6,33.8,0.02,NA,17.6,64,7.27,102,488774,6695358,2.796,60.394,4.3191666667,3.4321428571,3.8756547619
OSS21A1.2.2019,III,OSS,OSS21A1,2,2019,TRUE,TRUE,107506,3.31,54.14,13.3,9082,0.11,63.9,37.9,0.02,NA,18.9,72,7.27,102,488774,6695358,2.796,60.394,4.3191666667,3.4321428571,3.8756547619
OSS21A1.3.2019,III,OSS,OSS21A1,3,2019,TRUE,TRUE,144805,3.47,51.71,13.9,9669,0.16,66,37.2,0.02,NA,19,72,7.27,102,488774,6695358,2.796,60.394,4.3191666667,3.4321428571,3.8756547619
OSS22A1.1.2019,III,OSS,OSS22A1,1,2019,TRUE,TRUE,29,0.01,0.19,3.9,90,0.01,2.9,0.7,0,NA,2.2,5,26.03,102,488845,6695429,2.796,60.393,0.3938888889,0.2655172414,0.3297030651
OSS22A1.2.2019,III,OSS,OSS22A1,2,2019,TRUE,TRUE,28,0.01,0.12,3.8,233,0.01,3.4,0.9,0,NA,2.6,9,26.03,102,488845,6695429,2.796,60.393,0.3938888889,0.2655172414,0.3297030651
OSS22A1.3.2019,III,OSS,OSS22A1,3,2019,TRUE,TRUE,27,0.01,0.08,4.1,35,0.01,2.4,0.5,0,NA,2.3,5,26.03,102,488845,6695429,2.796,60.393,0.3938888889,0.2655172414,0.3297030651
OSS11B1.1.2019,III,OSS,OSS11B1,1,2019,TRUE,TRUE,45,NA,NA,4.1,916,0.01,3.2,1.6,0,NA,2.6,7,25.11,103,488824,6695518,2.796,60.394,0.9444444444,1.438324439,1.2736977741
OSS11B1.2.2019,III,OSS,OSS11B1,2,2019,TRUE,TRUE,21,NA,NA,3.7,589,0.01,3.2,1.3,0,NA,2.4,6,25.11,103,488824,6695518,2.796,60.394,0.9444444444,1.438324439,1.2736977741
OSS11B1.3.2019,III,OSS,OSS11B1,3,2019,TRUE,TRUE,36,NA,NA,3.8,1062,0.01,3,1.2,0,NA,2.5,10,25.11,103,488824,6695518,2.796,60.394,0.9444444444,1.438324439,1.2736977741
OSS21B1.1.2019,III,OSS,OSS21B1,1,2019,TRUE,TRUE,21497,1.27,32.06,9.2,5968,0.18,16.3,15.9,0.02,NA,9.6,37,6.98,103,488774,6695217,2.796,60.393,4.105,3.1034495587,3.6042247794
OSS21B1.2.2019,III,OSS,OSS21B1,2,2019,TRUE,TRUE,1922,0.24,7.98,11,6351,0.2,18.3,25.8,0.03,NA,10.9,51,6.98,103,488774,6695217,2.796,60.393,4.105,3.1034495587,3.6042247794
OSS21B1.3.2019,III,OSS,OSS21B1,3,2019,TRUE,TRUE,58627,5.75,74.69,14.4,4780,0.15,27.2,42.9,0.04,NA,13.4,73,6.98,103,488774,6695217,2.796,60.393,4.105,3.1034495587,3.6042247794
OSS22B1.1.2019,III,OSS,OSS22B1,1,2019,TRUE,TRUE,11,0.02,0.28,3.7,172,0.01,3.1,0.9,0,NA,2.5,6,25.61,102,488916,6695358,2.797,60.393,0.1930555556,0.3937397373,0.2933976464
OSS22B1.2.2019,III,OSS,OSS22B1,2,2019,TRUE,TRUE,15,0.03,0.61,4.2,184,0.01,3,0.8,0,NA,2.6,6,25.61,102,488916,6695358,2.797,60.393,0.1930555556,0.3937397373,0.2933976464
OSS11D1.1.2019,III,OSS,OSS11D1,1,2019,TRUE,TRUE,11,NA,NA,3.6,877,0.01,4.6,2.6,0,NA,2.7,6,24.09,101,488562,6695288,2.792,60.394,0.25,1.0850061576,0.8066707718
OSS11D1.2.2019,III,OSS,OSS11D1,2,2019,TRUE,TRUE,7,NA,NA,3.8,344,0.01,3.7,1.5,0,NA,2.7,7,24.09,101,488562,6695288,2.792,60.394,0.25,1.0850061576,0.8066707718
OSS11D1.3.2019,III,OSS,OSS11D1,3,2019,TRUE,TRUE,9,NA,NA,3.6,348,0.01,3.4,1.3,0,NA,2.5,9,24.09,101,488562,6695288,2.792,60.394,0.25,1.0850061576,0.8066707718
R319.1.2019,III,REG3,R319,1,2019,TRUE,TRUE,5,0.01,0.02,1.5,105,0.01,5,1.4,0,NA,3.5,6,23.3,107,490000,6700000,2.817,60.434,0.0698148148,0.1262794198,0.0980471173
R319.2.2019,III,REG3,R319,2,2019,TRUE,TRUE,5,0.01,0.02,0.8,27,0.04,4.5,1.1,0,NA,1.9,4,23.3,107,490000,6700000,2.817,60.434,0.0698148148,0.1262794198,0.0980471173
R319.3.2019,III,REG3,R319,3,2019,TRUE,TRUE,4,0.01,0.02,0.9,25,0.01,4.4,0.9,0,NA,2,4,23.3,107,490000,6700000,2.817,60.434,0.0698148148,0.1262794198,0.0980471173
OSC08.1.2019B,III,OSC,OSC08,1,2019,TRUE,TRUE,15,0.02,0.38,1.2,1023,0.01,5.4,1.5,0,NA,3.7,7,23.54,110,487963,6718910,2.779,60.604,0.187962963,1.7221264368,0.9550446999
OSC08.2.2019A,III,OSC,OSC08,2,2019,TRUE,TRUE,11,0.02,0.28,1.2,1469,0.02,5.5,1.4,0.01,NA,3.9,7,23.54,110,487963,6718910,2.779,60.604,0.187962963,1.7221264368,0.9550446999
OSC08.3.2019A,III,OSC,OSC08,3,2019,TRUE,TRUE,11,0.06,0.53,1.1,1436,0.01,5.4,1.3,0.01,NA,5.3,7,23.54,110,487963,6718910,2.779,60.604,0.187962963,1.7221264368,0.9550446999
RIN34.1.2018,II,RIN,RIN34,1,2019,TRUE,TRUE,24000,0.92,13,8.4,140,0.29,27,34,0.02,25,8.5,52,17,125,468246,6570107,2.443,59.269,3.2925,1.322831144,2.307665572
RIN34.2.2018,II,RIN,RIN34,2,2019,TRUE,TRUE,1200,0.25,2.9,5.9,600,0.16,15,14,0.01,10,6.7,24,17,125,468246,6570107,2.443,59.269,3.2925,1.322831144,2.307665572
RIN34.3.2018,II,RIN,RIN34,3,2019,TRUE,TRUE,NA,NA,NA,4.5,910,0.15,14,10,0.01,9.2,3.8,23,17,125,468246,6570107,2.443,59.269,3.2925,1.322831144,2.307665572
RIN35.1.2018,II,RIN,RIN35,1,2019,TRUE,TRUE,570,0.38,3,5.1,1200,0.1,18,13,0.01,12,6.7,26,20,125,468217,6570078,2.441,59.267,2.9457291667,1.789408867,2.3675690168
RIN35.2.2018,II,RIN,RIN35,2,2019,TRUE,TRUE,1200,0.33,4,4.7,1200,0.08,16,11,0.01,11,6.7,23,20,125,468217,6570078,2.441,59.267,2.9457291667,1.789408867,2.3675690168
RIN35.3.2018,II,RIN,RIN35,3,2019,TRUE,TRUE,NA,NA,NA,5.5,1200,0.07,19,12,0.01,12,7.3,25,20,125,468217,6570078,2.441,59.267,2.9457291667,1.789408867,2.3675690168
RIN36.1.2018,II,RIN,RIN36,1,2019,TRUE,TRUE,2500,3.5,78,6.9,700,0.07,16,10,0.02,12,7.4,33,0,125,468217,6570135,2.441,59.267,4.375,1.3733579639,2.8741789819
RIN37.1.2018,II,RIN,RIN37,1,2019,TRUE,TRUE,79000,2.5,39,13,39,0.22,47,58,0.06,41,12,89,11,125,468173,6570154,2.44,59.267,4.125,0.7745279146,2.4497639573
RIN38.1.2018,II,RIN,RIN38,1,2019,TRUE,TRUE,92,0.23,0.65,2.6,400,0.02,11,3.1,0.01,6.2,6.5,15,23,125,468160,6570050,2.44,59.266,1.2419444444,0.8315407772,1.0367426108
RIN38.2.2018,II,RIN,RIN38,2,2019,TRUE,TRUE,90,0.21,0.98,3,300,0.02,10,2.8,0.01,6,6.6,14,23,125,468160,6570050,2.44,59.266,1.2419444444,0.8315407772,1.0367426108
RIN38.3.2018,II,RIN,RIN38,3,2019,TRUE,TRUE,NA,NA,NA,2.7,410,0.02,10,2.7,0.01,5.8,6.6,14,23,125,468160,6570050,2.44,59.266,1.2419444444,0.8315407772,1.0367426108
RIN39.1.2018,II,RIN,RIN39,1,2019,TRUE,TRUE,680,0.65,3.1,3.7,950,0.03,13,4.4,0.01,7.8,8.2,18,24,124,468140,6570180,2.44,59.267,3.0333333333,1.4986726875,2.2660030104
RIN39.2.2018,II,RIN,RIN39,2,2019,TRUE,TRUE,520,1.4,3.6,3.9,890,0.03,13,4.4,0.01,7.7,7.9,18,24,124,468140,6570180,2.44,59.267,3.0333333333,1.4986726875,2.2660030104
RIN39.3.2018,II,RIN,RIN39,3,2019,TRUE,TRUE,NA,NA,NA,3.2,800,0.04,12,3.9,0.01,7.3,7.5,17,24,124,468140,6570180,2.44,59.267,3.0333333333,1.4986726875,2.2660030104
RIN40.1.2018,II,RIN,RIN40,1,2019,TRUE,TRUE,100,0.75,0.5,2.7,740,0.06,9.5,2.7,0.01,5.4,4.6,12,23,124,468260,6570107,2.442,59.267,1.7252777778,1.6889504652,1.7071141215
RIN40.2.2018,II,RIN,RIN40,2,2019,TRUE,TRUE,NA,NA,NA,4.1,1500,0.04,13,5.1,0.01,7.5,8,19,23,124,468260,6570107,2.442,59.267,1.7252777778,1.6889504652,1.7071141215
RIN40.3.2018,II,RIN,RIN40,3,2019,TRUE,TRUE,160,0.54,1.6,3.6,1300,0.05,13,5.6,0.01,8.1,8.1,20,23,124,468260,6570107,2.442,59.267,1.7252777778,1.6889504652,1.7071141215
R220.1.2018,II,REG2,R220,1,2018,TRUE,TRUE,1,0.08,0.03,2.2,87,0.02,6.7,1.8,0.01,4,4.2,9,24.38,128,469297,6554935,2.462,59.131,0.0555555556,0.1840859332,0.1198207444
R220.2.2018,II,REG2,R220,2,2018,TRUE,TRUE,1,0.08,0.06,1.9,75,0.02,6.4,1.8,0,3.9,4.1,8,24.38,128,469297,6554935,2.462,59.131,0.0555555556,0.1840859332,0.1198207444
R220.3.2018,II,REG2,R220,3,2018,TRUE,TRUE,1,0.09,0.03,2.5,60,0.03,8,2.6,0.01,5.4,4.3,11,24.38,128,469297,6554935,2.462,59.131,0.0555555556,0.1840859332,0.1198207444
REG313.1.2019,III,REG3,R313,1,2019,TRUE,TRUE,8,0.02,0.03,0.7,96,0.06,5.4,1.4,0,NA,2.8,7,23.45,174,491945,6743061.9996,2.85,60.821,0.132037037,0.2225232622,0.1772801496
REG313.2.2019,III,REG3,R313,2,2019,TRUE,TRUE,9,0.02,0.03,0.7,93,0.03,5.4,1.6,0,NA,2.8,7,23.45,174,491945,6743061.9996,2.85,60.821,0.132037037,0.2225232622,0.1772801496
REG313.3.2019,III,REG3,R313,3,2019,TRUE,TRUE,9,0.03,0.03,0.7,97,0.02,5.1,1.3,0,NA,2.7,7,23.45,174,491945,6743061.9996,2.85,60.821,0.132037037,0.2225232622,0.1772801496
REG314.1.2019,III,REG3,R314,1,2019,TRUE,TRUE,7,0.01,0.02,0.9,15,0.02,4.3,0.9,0,NA,1.9,4,24.18,132,489238.529,6736845,2.801,60.764,0.092962963,0.1135194308,0.1032411969
REG314.2.2019,III,REG3,R314,2,2019,TRUE,TRUE,6,0.01,0.02,1.4,67,0.03,4.1,0.9,0,NA,3.5,5,24.18,132,489238.529,6736845,2.801,60.764,0.092962963,0.1135194308,0.1032411969
REG314.3.2019,III,REG3,R314,3,2019,TRUE,TRUE,6,0.01,0.02,1.3,60,0.03,4.8,1.1,0,NA,3.5,6,24.18,132,489238.529,6736845,2.801,60.764,0.092962963,0.1135194308,0.1032411969
REG315.1.2019,III,REG3,R315,1,2019,TRUE,TRUE,4,0.01,0.01,1.3,14,0.02,5.7,0.9,0,NA,2.6,4,23.35,120,483560.458,6728344.0396,2.697,60.688,0.0698148148,0.0391283525,0.0544715837
REG315.2.2019,III,REG3,R315,2,2019,TRUE,TRUE,5,0.01,0.02,1.2,13,0.02,5.9,0.9,0,NA,2.6,4,23.35,120,483560.458,6728344.0396,2.697,60.688,0.0698148148,0.0391283525,0.0544715837
REG315.3.2019,III,REG3,R315,3,2019,TRUE,TRUE,5,0.01,0.01,1.4,12,0.1,5.3,1,0,NA,2.5,5,23.35,120,483560.458,6728344.0396,2.697,60.688,0.0698148148,0.0391283525,0.0544715837
OSC08.2.2019B,III,OSC,OSC08,2,2019,TRUE,TRUE,11,0.02,0.28,1.2,1469,0.02,5.5,1.4,0.01,NA,3.9,7,23.54,110,487963,6718910,2.779,60.604,0.187962963,1.7221264368,0.9550446999
OSC08.3.2019B,III,OSC,OSC08,3,2019,TRUE,TRUE,11,0.06,0.53,1.1,1436,0.01,5.4,1.3,0.01,NA,5.3,7,23.54,110,487963,6718910,2.779,60.604,0.187962963,1.7221264368,0.9550446999
DA06.1.2018,II,GK,DA06,1,2018,TRUE,TRUE,5,NA,NA,2.1,110,0.03,10,2.2,0,5.9,6.5,14,25,110,425184.8,6493126,1.712,58.57,0.1481481481,0.2772304324,0.2342030043
DA06.2.2018,II,GK,DA06,2,2018,TRUE,TRUE,5,NA,NA,2.1,110,0.03,9.2,2,0,5.4,6.1,12,25,110,425184.8,6493126,1.712,58.57,0.1481481481,0.2772304324,0.2342030043
DA06.3.2018,II,GK,DA06,3,2018,TRUE,TRUE,6,NA,NA,2.6,130,0.02,10,2.3,0,6.2,7,15,25,110,425184.8,6493126,1.712,58.57,0.1481481481,0.2772304324,0.2342030043
DA07.1.2018,II,GK,DA07,1,2018,TRUE,TRUE,5,NA,NA,2,95,0.03,9,1.9,0,5.1,5.7,12,25,112,426169.6,6492953,1.729,58.569,0.1388888889,0.2349411604,0.2029237365
DA07.2.2018,II,GK,DA07,2,2018,TRUE,TRUE,4,NA,NA,1.8,90,0.03,8.7,1.7,0,4.9,5.5,11,25,112,426169.6,6492953,1.729,58.569,0.1388888889,0.2349411604,0.2029237365
DA07.3.2018,II,GK,DA07,3,2018,TRUE,TRUE,6,NA,NA,2.2,110,0.02,8.2,2.2,0,5.2,6.1,12,25,112,426169.6,6492953,1.729,58.569,0.1388888889,0.2349411604,0.2029237365
DA08.1.2018,II,GK,DA08,1,2018,TRUE,TRUE,6,NA,NA,2,360,0.03,9.1,2.1,0,5.1,5,12,26,116,424156.6,6493054,1.695,58.569,0.1666666667,0.7577586207,0.5607279693
DA08.2.2018,II,GK,DA08,2,2018,TRUE,TRUE,6,NA,NA,1.6,290,0.02,7,1.9,0,4.1,4.7,11,26,116,424156.6,6493054,1.695,58.569,0.1666666667,0.7577586207,0.5607279693
DA08.3.2018,II,GK,DA08,3,2018,TRUE,TRUE,6,NA,NA,2.3,370,0.03,9.7,2.3,0,5.4,5.5,14,26,116,424156.6,6493054,1.695,58.569,0.1666666667,0.7577586207,0.5607279693
DA09.1.2018,II,GK,DA09,1,2018,TRUE,TRUE,6,NA,NA,2.2,280,0.03,7.8,2.3,0,5,5.4,12,25,116,424113.2,6492808,1.694,58.567,0.1388888889,0.4249178982,0.3295748951
DA09.2.2018,II,GK,DA09,2,2018,TRUE,TRUE,5,NA,NA,2,130,0.02,9.2,1.8,0,5,5.4,12,25,116,424113.2,6492808,1.694,58.567,0.1388888889,0.4249178982,0.3295748951
DA09.3.2018,II,GK,DA09,3,2018,TRUE,TRUE,4,NA,NA,1.5,150,0.02,6.6,1.6,0,4.1,4.6,9,25,116,424113.2,6492808,1.694,58.567,0.1388888889,0.4249178982,0.3295748951
DA10.1.2018,II,GK,DA10,1,2018,TRUE,TRUE,4,NA,NA,2.3,130,0.03,9.7,2,0,5.6,6.4,13,26,116,424026.4,6492315,1.693,58.563,0.1018518519,0.3039819376,0.2366052424
DA10.2.2018,II,GK,DA10,2,2018,TRUE,TRUE,5,NA,NA,2.3,140,0.03,9.9,2.1,0,5.7,6.2,13,26,116,424026.4,6492315,1.693,58.563,0.1018518519,0.3039819376,0.2366052424
DA10.3.2018,II,GK,DA10,3,2018,TRUE,TRUE,2,NA,NA,2.4,120,0.03,9.6,1.9,0,5.4,6.1,12,26,116,424026.4,6492315,1.693,58.563,0.1018518519,0.3039819376,0.2366052424
DA11.1.2018,II,GK,DA11,1,2018,TRUE,TRUE,5,NA,NA,1.6,150,0.03,9.1,2.4,0,5.2,5.5,12,25,113,423953.8,6493343,1.691,58.572,0.1481481481,0.3335112206,0.2717235298
DA11.2.2018,II,GK,DA11,2,2018,TRUE,TRUE,6,NA,NA,1.5,130,0.02,6.9,1.7,0,4.2,4.8,10,25,113,423953.8,6493343,1.691,58.572,0.1481481481,0.3335112206,0.2717235298
DA11.3.2018,II,GK,DA11,3,2018,TRUE,TRUE,5,NA,NA,2,150,0.02,9.4,2.1,0,5.2,5.7,12,25,113,423953.8,6493343,1.691,58.572,0.1481481481,0.3335112206,0.2717235298
DA12.1.2018,II,GK,DA12,1,2018,TRUE,TRUE,7,NA,NA,2.1,110,0.03,7.9,2,0,5.1,5.5,12,25,117,423707.6,6493387,1.687,58.572,0.1666666667,0.2608784893,0.2294745484
DA12.2.2018,II,GK,DA12,2,2018,TRUE,TRUE,5,NA,NA,1.9,110,0.02,8.9,1.8,0,5.1,5.6,12,25,117,423707.6,6493387,1.687,58.572,0.1666666667,0.2608784893,0.2294745484
DA12.3.2018,II,GK,DA12,3,2018,TRUE,TRUE,6,NA,NA,2.3,110,0.04,11,2.2,0,6.2,5.9,14,25,117,423707.6,6493387,1.687,58.572,0.1666666667,0.2608784893,0.2294745484
DA13.1.2018,II,GK,DA13,1,2018,TRUE,TRUE,7,NA,NA,2.3,160,0.03,12,2.6,0,7.1,7.2,16,26,117,423215.2,6493474,1.678,58.573,0.1851851852,0.3402572523,0.2885665633
DA13.2.2018,II,GK,DA13,2,2018,TRUE,TRUE,6,NA,NA,3,140,0.03,12,2.9,0,7.6,8.1,18,26,117,423215.2,6493474,1.678,58.573,0.1851851852,0.3402572523,0.2885665633
DA13.3.2018,II,GK,DA13,3,2018,TRUE,TRUE,7,NA,NA,2.4,130,0.03,11,2.4,0,6.3,6.6,14,26,117,423215.2,6493474,1.678,58.573,0.1851851852,0.3402572523,0.2885665633
OSC32.1.2019,III,OSC,OSC32,1,2019,TRUE,TRUE,46,0.12,1.63,2,2306,0.01,6,3,0.01,NA,6.8,14,23.39,110,487787,6719103,2.777,60.608,0.4348148148,2.1376359811,1.286225398
OSC32.2.2019,III,OSC,OSC32,2,2019,TRUE,TRUE,20,0.05,0.73,1.8,2244,0.01,6.6,3.2,0.01,NA,7,13,23.39,110,487787,6719103,2.777,60.608,0.4348148148,2.1376359811,1.286225398
OSC32.3.2019,III,OSC,OSC32,3,2019,TRUE,TRUE,20,0.05,0.84,1.6,2153,0.01,6,2.8,0.01,NA,8.3,14,23.39,110,487787,6719103,2.777,60.608,0.4348148148,2.1376359811,1.286225398
OSC16.1.2019,III,OSC,OSC16,1,2019,TRUE,TRUE,18,NA,NA,1.6,382,0.02,6.3,2.4,0,NA,5.1,9,23.81,111,487845.423,6719527.6054,2.776,60.609,0.3611111111,0.8797345375,0.706860062
OSC16.2.2019,III,OSC,OSC16,2,2019,TRUE,TRUE,13,NA,NA,1.5,321,0.01,5.7,1.6,0,NA,5.3,11,23.81,111,487845.423,6719527.6054,2.776,60.609,0.3611111111,0.8797345375,0.706860062
OSC16.3.2019,III,OSC,OSC16,3,2019,TRUE,TRUE,8,NA,NA,1.5,489,0.01,5.5,1.9,0,NA,5.3,10,23.81,111,487845.423,6719527.6054,2.776,60.609,0.3611111111,0.8797345375,0.706860062
OSC20.1.2019,III,OSC,OSC20,1,2019,TRUE,TRUE,6,NA,NA,1.3,277,0.01,4.9,1.1,0,NA,4,10,23.23,110,486075,6718160.9998,2.744,60.597,0.1666666667,0.6186234264,0.4679711731
OSC20.2.2019,III,OSC,OSC20,2,2019,TRUE,TRUE,6,NA,NA,1.3,343,0.01,4.8,1,0,NA,3.7,5,23.23,110,486075,6718160.9998,2.744,60.597,0.1666666667,0.6186234264,0.4679711731
OSC20.3.2019,III,OSC,OSC20,3,2019,TRUE,TRUE,6,NA,NA,1.2,224,0.01,4.8,1,0,NA,3.7,8,23.23,110,486075,6718160.9998,2.744,60.597,0.1666666667,0.6186234264,0.4679711731
OSC30.1.2019,III,OSC,OSC30,1,2019,TRUE,TRUE,12,NA,NA,1.5,821,0.01,5.5,2.9,0.01,NA,5.9,10,23.34,110,487957,6719273,2.78,60.609,0.3425925926,1.8318743158,1.3354470747
OSC30.2.2019,III,OSC,OSC30,2,2019,TRUE,TRUE,9,NA,NA,1.5,2000,0.01,5.8,1.9,0.01,NA,5.7,10,23.34,110,487957,6719273,2.78,60.609,0.3425925926,1.8318743158,1.3354470747
OSC30.3.2019,III,OSC,OSC30,3,2019,TRUE,TRUE,16,NA,NA,1.5,1654,0.07,5.8,2.3,0,NA,6.2,12,23.34,110,487957,6719273,2.78,60.609,0.3425925926,1.8318743158,1.3354470747
D19.1.2018,II,IA,D19,1,2018,TRUE,TRUE,9,NA,NA,2.1,26,0.02,6.6,1.1,0,3.1,4.7,7,26,112,452849,6531689,2.18,58.92,0.2314814815,0.064744116,0.1203232379
D19.2.2018,II,IA,D19,2,2018,TRUE,TRUE,8,NA,NA,1.8,24,0.02,6.3,1,0,2.8,4.4,7,26,112,452849,6531689,2.18,58.92,0.2314814815,0.064744116,0.1203232379
D19.3.2018,II,IA,D19,3,2018,TRUE,TRUE,8,NA,NA,2.1,23,0.02,6.4,1,0,2.9,4.5,7,26,112,452849,6531689,2.18,58.92,0.2314814815,0.064744116,0.1203232379
D02.1.2018,II,IA,D02,1,2018,TRUE,TRUE,9,NA,NA,1.9,120,0.02,6.8,1.2,0,3,4.5,7,25.2,113,453909,6531336,2.198,58.917,0.2592592593,0.2804871374,0.273411178
D02.2.2018,II,IA,D02,2,2018,TRUE,TRUE,9,NA,NA,2.3,150,0.02,7.7,1.4,0,3.6,4.9,9,25.2,113,453909,6531336,2.198,58.917,0.2592592593,0.2804871374,0.273411178
D02.3.2018,II,IA,D02,3,2018,TRUE,TRUE,10,NA,NA,2,100,0.01,6.9,1.1,0,2.9,4.2,7,25.2,113,453909,6531336,2.198,58.917,0.2592592593,0.2804871374,0.273411178
D22.1.2018,II,IA,D22,1,2018,TRUE,TRUE,8,0.03,0,1.8,45,0.01,6.2,1,0,2.9,4.3,7,26.8,112,453554,6531993,2.192,58.923,0.1168518519,0.1060139573,0.1114329046
D22.2.2018,II,IA,D22,2,2018,TRUE,TRUE,7,0.03,0,1.8,35,0.01,5.5,0.9,0,2.4,3.8,6,26.8,112,453554,6531993,2.192,58.923,0.1168518519,0.1060139573,0.1114329046
D22.3.2018,II,IA,D22,3,2018,TRUE,TRUE,7,0.03,0,2.1,51,0.02,6.6,1.1,0,3,4.6,7,26.8,112,453554,6531993,2.192,58.923,0.1168518519,0.1060139573,0.1114329046
D23.1.2018,II,IA,D23,1,2018,TRUE,TRUE,9,NA,NA,1.8,35,0.01,7.3,1.2,0,3.3,4.7,8,25.7,114,453569,6532996,2.192,58.932,0.2314814815,0.0842911877,0.133354619
D23.2.2018,II,IA,D23,2,2018,TRUE,TRUE,7,NA,NA,1.8,26,0.02,5.9,1,0,2.7,4.3,7,25.7,114,453569,6532996,2.192,58.932,0.2314814815,0.0842911877,0.133354619
D23.3.2018,II,IA,D23,3,2018,TRUE,TRUE,9,NA,NA,1.9,37,0.02,7.4,1.3,0,3.3,4.8,8,25.7,114,453569,6532996,2.192,58.932,0.2314814815,0.0842911877,0.133354619
D27.1.2018,II,IA,D27,1,2018,TRUE,TRUE,8,NA,NA,1.8,45,0.02,7.2,1.2,0,3.1,4.7,8,25.6,113,454776,6531515,2.213,58.919,0.2037037037,0.1122331691,0.1427233473
D27.2.2018,II,IA,D27,2,2018,TRUE,TRUE,7,NA,NA,2.7,46,0.01,6.8,1,0,2.9,4.3,7,25.6,113,454776,6531515,2.213,58.919,0.2037037037,0.1122331691,0.1427233473
D27.3.2018,II,IA,D27,3,2018,TRUE,TRUE,7,NA,NA,2.3,47,0.02,7.1,1.1,0,3,4.6,7,25.6,113,454776,6531515,2.213,58.919,0.2037037037,0.1122331691,0.1427233473
D28.1.2018,II,IA,D28,1,2018,TRUE,TRUE,10,NA,NA,1.8,500,0.02,6.1,1.5,0,2.9,4.5,8,25,113,453868,6531578,2.197,58.919,0.6111111111,0.9146551724,0.8134738186
D28.2.2018,II,IA,D28,2,2018,TRUE,TRUE,34,NA,NA,2,360,0.02,5.9,1.4,0,2.8,4.2,7,25,113,453868,6531578,2.197,58.919,0.6111111111,0.9146551724,0.8134738186
D28.3.2018,II,IA,D28,3,2018,TRUE,TRUE,22,NA,NA,1.8,390,0.02,6,1.3,0,2.7,4.3,7,25,113,453868,6531578,2.197,58.919,0.6111111111,0.9146551724,0.8134738186
D29.1.2018,II,IA,D29,1,2018,TRUE,TRUE,7,NA,NA,1.8,31,0.01,5.9,1,0,2.7,4.3,6,26.1,111,453577,6531789,2.192,58.921,0.1944444444,0.0808702791,0.1187283342
D29.2.2018,II,IA,D29,2,2018,TRUE,TRUE,7,NA,NA,1.8,31,0.02,5.7,0.9,0,2.5,4.1,6,26.1,111,453577,6531789,2.192,58.921,0.1944444444,0.0808702791,0.1187283342
D29.3.2018,II,IA,D29,3,2018,TRUE,TRUE,7,NA,NA,1.7,34,0.02,6.4,1.1,0,2.8,4.9,7,26.1,111,453577,6531789,2.192,58.921,0.1944444444,0.0808702791,0.1187283342
D03.1.2018,II,IA,D03,1,2018,TRUE,TRUE,9,NA,NA,2.1,92,0.01,6.4,1.1,0,2.8,4.1,7,26.6,113,454248,6531685,2.204,58.92,0.2314814815,0.1985153257,0.2095040443
D03.2.2018,II,IA,D03,2,2018,TRUE,TRUE,8,NA,NA,2.4,87,0.01,6.5,1.2,0,3,4.3,7,26.6,113,454248,6531685,2.204,58.92,0.2314814815,0.1985153257,0.2095040443
D03.3.2018,II,IA,D03,3,2018,TRUE,TRUE,8,NA,NA,2.5,78,0.02,7.1,1.2,0,3,4.3,7,26.6,113,454248,6531685,2.204,58.92,0.2314814815,0.1985153257,0.2095040443
D30.1.2018,II,IA,D30,1,2018,TRUE,TRUE,9,NA,NA,2,36,0.02,6.1,1.1,0,2.9,4.6,7,27.3,111,453330,6531754,2.188,58.921,0.2222222222,0.0827791461,0.1292601715
D30.2.2018,II,IA,D30,2,2018,TRUE,TRUE,8,NA,NA,2,38,0.02,6.4,1.1,0,3,5.1,7,27.3,111,453330,6531754,2.188,58.921,0.2222222222,0.0827791461,0.1292601715
D30.3.2018,II,IA,D30,3,2018,TRUE,TRUE,7,NA,NA,2,23,0.03,6.1,1.1,0,3,4.1,7,27.3,111,453330,6531754,2.188,58.921,0.2222222222,0.0827791461,0.1292601715
D31.1.2018,II,IA,D31,1,2018,TRUE,TRUE,9,0.03,0,2.2,38,0.01,6.1,1.1,0,2.8,4.3,7,27.1,112,453614,6532277,2.193,58.926,0.145,0.0982621784,0.1216310892
D31.2.2018,II,IA,D31,2,2018,TRUE,TRUE,9,0.06,0.01,2.1,43,0.02,7.4,1.2,0,3.4,4.7,8,27.1,112,453614,6532277,2.193,58.926,0.145,0.0982621784,0.1216310892
D31.3.2018,II,IA,D31,3,2018,TRUE,TRUE,9,0.03,0,1.9,37,0.02,6.3,1.1,0,2.9,4.4,7,27.1,112,453614,6532277,2.193,58.926,0.145,0.0982621784,0.1216310892
D33.1.2018,II,IA,D33,1,2018,TRUE,TRUE,7,NA,NA,1.7,26,0.02,6.1,1.1,0,2.9,4.2,7,25.7,155,4534092,6533780,2.189,58.939,0.1944444444,0.0701696771,0.1115945995
D33.2.2018,II,IA,D33,2,2018,TRUE,TRUE,7,NA,NA,2.1,23,0.01,5.6,0.9,0,2.5,4,6,25.7,155,4534092,6533780,2.189,58.939,0.1944444444,0.0701696771,0.1115945995
D33.3.2018,II,IA,D33,3,2018,TRUE,TRUE,7,NA,NA,2.1,31,0.01,7.1,1.2,0,3.1,4.4,7,25.7,155,4534092,6533780,2.189,58.939,0.1944444444,0.0701696771,0.1115945995
D35.1.2018,II,IA,D35,1,2018,TRUE,TRUE,8,NA,NA,2.3,110,0.01,6.9,1.1,0,2.9,4.1,7,25.1,114,453950,6532041,2.199,58.924,0.2222222222,0.2112205802,0.2148877942
D35.2.2018,II,IA,D35,2,2018,TRUE,TRUE,8,NA,NA,1.8,76,0.01,5.5,0.9,0,2.4,3.7,6,25.1,114,453950,6532041,2.199,58.924,0.2222222222,0.2112205802,0.2148877942
D35.3.2018,II,IA,D35,3,2018,TRUE,TRUE,8,NA,NA,1.8,92,0.01,5.6,0.9,0,2.3,3.5,6,25.1,114,453950,6532041,2.199,58.924,0.2222222222,0.2112205802,0.2148877942
D05.1.2018,II,IA,D05,1,2018,TRUE,TRUE,10,NA,NA,2.2,39,0.01,6.4,1.1,0,3,4.6,7,25.9,113,453744,6530808,2.195,58.913,0.2685185185,0.1109469075,0.1634707778
D05.2.2018,II,IA,D05,2,2018,TRUE,TRUE,9,NA,NA,2.8,54,0.02,7.6,1.4,0,3.6,5.1,8,25.9,113,453744,6530808,2.195,58.913,0.2685185185,0.1109469075,0.1634707778
D05.3.2018,II,IA,D05,3,2018,TRUE,TRUE,10,NA,NA,2.3,41,0.01,6.3,1.2,0,3.1,4.7,7,25.9,113,453744,6530808,2.195,58.913,0.2685185185,0.1109469075,0.1634707778
DP32.1.2018,II,IA,DP32,1,2018,TRUE,TRUE,7,NA,NA,1.4,150,0.02,6.1,1.2,0,2.8,4.2,7,26.4,108,454063,6531747,2.201,58.921,0.2314814815,0.3020388615,0.2785197348
DP32.2.2018,II,IA,DP32,2,2018,TRUE,TRUE,9,NA,NA,2,120,0.02,5.4,1.3,0,2.6,3.9,7,26.4,108,454063,6531747,2.201,58.921,0.2314814815,0.3020388615,0.2785197348
DP32.3.2018,II,IA,DP32,3,2018,TRUE,TRUE,9,NA,NA,2,130,0.02,6.7,1.2,0,2.9,4.2,7,26.4,108,454063,6531747,2.201,58.921,0.2314814815,0.3020388615,0.2785197348
BAL16.1.2018,II,BAL,BAL16,1,2018,TRUE,TRUE,13,NA,NA,2.4,130,0.03,9.4,2.2,0.01,5.2,5.4,11,23,125,464434.014,6559934.0218,2.376,59.175,0.4166666667,0.3578407225,0.3774493706
BAL16.2.2018,II,BAL,BAL16,2,2018,TRUE,TRUE,14,NA,NA,2.5,180,0.02,9.8,2.4,0.01,5.6,6.2,12,23,125,464434.014,6559934.0218,2.376,59.175,0.4166666667,0.3578407225,0.3774493706
BAL16.3.2018,II,BAL,BAL16,3,2018,TRUE,TRUE,18,NA,NA,2.6,150,0.02,9.4,2.3,0.01,5.3,6.1,11,23,125,464434.014,6559934.0218,2.376,59.175,0.4166666667,0.3578407225,0.3774493706
BAL22.1.2018,II,BAL,BAL22,1,2018,TRUE,TRUE,12,NA,NA,2.4,130,0.02,9.1,2.1,0.01,5,5.4,11,23,129,463142.914,6561696.5755,2.353,59.191,0.3518518519,0.3422824302,0.3454722374
BAL22.2.2018,II,BAL,BAL22,2,2018,TRUE,TRUE,13,NA,NA,2.6,160,0.03,9.8,2.4,0.01,5.5,5.8,13,23,129,463142.914,6561696.5755,2.353,59.191,0.3518518519,0.3422824302,0.3454722374
BAL22.3.2018,II,BAL,BAL22,3,2018,TRUE,TRUE,13,NA,NA,2.2,150,0.02,8.4,2.1,0.01,4.8,5.5,11,23,129,463142.914,6561696.5755,2.353,59.191,0.3518518519,0.3422824302,0.3454722374
BAL37.1.2018,II,BAL,BAL37,1,2018,TRUE,TRUE,22,0.09,0.08,3,490,0.04,11,3.1,0.01,6.6,7.5,15,23.4,123,464686.14,6559998.4973,2.381,59.176,0.3224074074,1.0251094691,0.6737584382
BAL37.2.2018,II,BAL,BAL37,2,2018,TRUE,TRUE,19,0.07,0.07,2.9,450,0.03,11,2.8,0.01,6,7,14,23.4,123,464686.14,6559998.4973,2.381,59.176,0.3224074074,1.0251094691,0.6737584382
BAL37.3.2018,II,BAL,BAL37,3,2018,TRUE,TRUE,20,0.08,0.08,2.8,440,0.03,10,2.6,0.01,5.6,6.1,13,23.4,123,464686.14,6559998.4973,2.381,59.176,0.3224074074,1.0251094691,0.6737584382
BAL42.1.2018,II,BAL,BAL42,1,2018,TRUE,TRUE,18,0.09,0.07,2.8,530,0.03,12,3.1,0.01,6.8,7.3,15,23,123,463402.515,6561458.3499,2.358,59.189,0.2962962963,1.084092775,0.6901945357
BAL42.2.2018,II,BAL,BAL42,2,2018,TRUE,TRUE,16,0.07,0.05,2.5,480,0.02,10,2.6,0.01,5.8,6.6,13,23,123,463402.515,6561458.3499,2.358,59.189,0.2962962963,1.084092775,0.6901945357
BAL42.3.2018,II,BAL,BAL42,3,2018,TRUE,TRUE,21,0.09,0.09,2.7,520,0.03,10,3,0.01,6.5,7.2,23,23,123,463402.515,6561458.3499,2.358,59.189,0.2962962963,1.084092775,0.6901945357
BAL49.1.2018,II,BAL,BAL49,1,2018,TRUE,TRUE,19,NA,NA,2.4,130,0.02,10,2.4,0.01,5.6,6.2,13,23.8,124,463603,6565129,2.361,59.222,0.4444444444,0.286001642,0.3388159095
BAL49.2.2018,II,BAL,BAL49,2,2018,TRUE,TRUE,15,NA,NA,1.9,110,0.03,9.7,2.2,0.01,5.5,5.8,12,23.8,124,463603,6565129,2.361,59.222,0.4444444444,0.286001642,0.3388159095
BAL49.3.2018,II,BAL,BAL49,3,2018,TRUE,TRUE,14,NA,NA,2.3,120,0.03,9,2.3,0.01,5.4,6.1,12,23.8,124,463603,6565129,2.361,59.222,0.4444444444,0.286001642,0.3388159095
BAL50.1.2018,II,BAL,BAL50,1,2018,TRUE,TRUE,20,NA,NA,2.5,150,0.04,10,2.8,0.01,6.5,7.2,15,23.1,123,463853,6564879,2.365,59.219,0.537037037,0.3705801861,0.4260658031
BAL50.2.2018,II,BAL,BAL50,2,2018,TRUE,TRUE,19,NA,NA,2.7,160,0.04,10,2.8,0.01,6.3,7.1,14,23.1,123,463853,6564879,2.365,59.219,0.537037037,0.3705801861,0.4260658031
BAL50.3.2018,II,BAL,BAL50,3,2018,TRUE,TRUE,19,NA,NA,2.5,160,0.03,9.9,2.7,0.01,6.3,7.1,14,23.1,123,463853,6564879,2.365,59.219,0.537037037,0.3705801861,0.4260658031
BAL51.1.2018,II,BAL,BAL51,1,2018,TRUE,TRUE,19,0.09,0.08,2.5,130,0.03,11,2.6,0.01,6.3,6.4,14,23.4,123,463708,6564627,2.363,59.217,0.302962963,0.3107279693,0.3068454662
BAL51.2.2018,II,BAL,BAL51,2,2018,TRUE,TRUE,16,0.09,0.08,2.1,110,0.04,9.4,2.2,0.01,5.3,5.5,12,23.4,123,463708,6564627,2.363,59.217,0.302962963,0.3107279693,0.3068454662
BAL51.3.2018,II,BAL,BAL51,3,2018,TRUE,TRUE,20,0.11,0.09,2.7,150,0.03,11,2.9,0.01,6.7,6.9,15,23.4,123,463708,6564627,2.363,59.217,0.302962963,0.3107279693,0.3068454662
BAL52.1.2018,II,BAL,BAL52,1,2018,TRUE,TRUE,15,NA,NA,2.1,110,0.02,9.6,2.2,0.01,5.4,5.9,13,23.8,124,463353,6564879,2.356,59.219,0.462962963,0.2792145594,0.3404640272
BAL52.2.2018,II,BAL,BAL52,2,2018,TRUE,TRUE,19,NA,NA,2.4,140,0.02,10,2.5,0.01,6.1,6.5,13,23.8,124,463353,6564879,2.356,59.219,0.462962963,0.2792145594,0.3404640272
BAL52.3.2018,II,BAL,BAL52,3,2018,TRUE,TRUE,16,NA,NA,2.3,100,0.03,9.6,2.3,0.01,5.5,6.1,13,23.8,124,463353,6564879,2.356,59.219,0.462962963,0.2792145594,0.3404640272
BAL53.1.2018,II,BAL,BAL53,1,2018,TRUE,TRUE,19,NA,NA,2.9,620,0.03,12,3.5,0.01,7.2,7.9,16,23.1,122,463289,6561890,2.356,59.193,0.4907407407,1.0115353038,0.8379371161
BAL53.2.2018,II,BAL,BAL53,2,2018,TRUE,TRUE,14,NA,NA,2.3,310,0.02,9.1,2.2,0.01,5.3,5.3,11,23.1,122,463289,6561890,2.356,59.193,0.4907407407,1.0115353038,0.8379371161
BAL53.3.2018,II,BAL,BAL53,3,2018,TRUE,TRUE,20,NA,NA,2.7,430,0.03,11,3,0.01,6.3,7.2,15,23.1,122,463289,6561890,2.356,59.193,0.4907407407,1.0115353038,0.8379371161
BAL54.1.2018,II,BAL,BAL54,1,2018,TRUE,TRUE,17,NA,NA,2.2,330,0.02,9.7,2.3,0.01,5.3,6.1,12,23.3,122,463635,6561576,2.362,59.19,0.4907407407,0.819198139,0.7097123396
BAL54.2.2018,II,BAL,BAL54,2,2018,TRUE,TRUE,16,NA,NA,2,380,0.02,8.7,2.2,0.01,4.9,5.7,11,23.3,122,463635,6561576,2.362,59.19,0.4907407407,0.819198139,0.7097123396
BAL54.3.2018,II,BAL,BAL54,3,2018,TRUE,TRUE,20,NA,NA,2.8,390,0.03,11,2.8,0.01,6.1,7.4,14,23.3,122,463635,6561576,2.362,59.19,0.4907407407,0.819198139,0.7097123396
BAL55.1.2018,II,BAL,BAL55,1,2018,TRUE,TRUE,14,0.09,0.05,2.3,170,0.03,9.9,2.3,0.01,5.5,5.7,13,23.4,122,463300,6561360,2.356,59.188,0.2437037037,0.4603995621,0.3520516329
BAL55.2.2018,II,BAL,BAL55,2,2018,TRUE,TRUE,16,0.09,0.06,2.4,210,0.03,11,2.6,0.01,6.1,6.4,13,23.4,122,463300,6561360,2.356,59.188,0.2437037037,0.4603995621,0.3520516329
BAL55.3.2018,II,BAL,BAL55,3,2018,TRUE,TRUE,14,0.06,0.05,2.1,220,0.03,10,2.5,0.01,5.8,6.6,21,23.4,122,463300,6561360,2.356,59.188,0.2437037037,0.4603995621,0.3520516329
BAL56.1.2018,II,BAL,BAL56,1,2018,TRUE,TRUE,18,NA,NA,2.4,120,0.02,8.2,2.2,0.01,5.2,5.8,11,22.9,122,463050,6561640,2.352,59.19,0.4444444444,0.2979885057,0.346807152
BAL56.2.2018,II,BAL,BAL56,2,2018,TRUE,TRUE,18,NA,NA,2.3,130,0.02,8.2,2.1,0.01,5.1,5.8,11,22.9,122,463050,6561640,2.352,59.19,0.4444444444,0.2979885057,0.346807152
BAL56.3.2018,II,BAL,BAL56,3,2018,TRUE,TRUE,12,NA,NA,2.3,130,0.02,8.1,2,0.01,4.9,5.6,11,22.9,122,463050,6561640,2.352,59.19,0.4444444444,0.2979885057,0.346807152
R213.1.2018,II,REG2,R213,1,2018,TRUE,TRUE,1,0.08,0.01,1.6,47,0.02,6.2,1.4,0.01,NA,4.1,7,24.51,119,466619,6540249,2.417,58.999,0.0538888889,0.1179597701,0.0859243295
R213.2.2018,II,REG2,R213,2,2018,TRUE,TRUE,1,0.08,0.01,1.6,47,0.02,6.2,1.4,0.01,NA,4.1,7,24.51,119,466619,6540249,2.417,58.999,0.0538888889,0.1179597701,0.0859243295
R213.3.2018,II,REG2,R213,3,2018,TRUE,TRUE,1,0.08,0.01,1.6,47,0.02,6.2,1.4,0.01,NA,4.1,7,24.51,119,466619,6540249,2.417,58.999,0.0538888889,0.1179597701,0.0859243295
R218.1.2018,II,REG2,R218,1,2018,TRUE,TRUE,1,0.04,0,1.6,46,0.02,6,1,0,NA,3.6,6,24,106,430394,6484057,1.804,58.49,0.0338888889,0.1110426929,0.0724657909
R218.2.2018,II,REG2,R218,2,2018,TRUE,TRUE,1,0.04,0,1.6,46,0.02,6,1,0,NA,3.6,6,24,106,430394,6484057,1.804,58.49,0.0338888889,0.1110426929,0.0724657909
R218.3.2018,II,REG2,R218,3,2018,TRUE,TRUE,1,0.04,0,1.6,46,0.02,6,1,0,NA,3.6,6,24,106,430394,6484057,1.804,58.49,0.0338888889,0.1110426929,0.0724657909
OSF42.1.2019,III,OSF,OSF42,1,2019,TRUE,TRUE,11,NA,NA,1.7,1085,0.02,6.1,2.6,0,NA,4.3,11,23.07,110,490281,6706628,2.823,60.496,0.3055555556,1.2081109743,0.907259168
OSF42.2.2019,III,OSF,OSF42,2,2019,TRUE,TRUE,12,NA,NA,1.6,432,0.01,5.6,2.6,0,NA,3.9,10,23.07,110,490281,6706628,2.823,60.496,0.3055555556,1.2081109743,0.907259168
OSF42.3.2019,III,OSF,OSF42,3,2019,TRUE,TRUE,10,NA,NA,1.7,366,0.02,5.5,2.8,0,NA,3.8,12,23.07,110,490281,6706628,2.823,60.496,0.3055555556,1.2081109743,0.907259168
OSF44.1.2019,III,OSF,OSF44,1,2019,TRUE,TRUE,17,0.03,0.33,1.7,2365,0.01,6.8,3.1,0,NA,7,13,22.91,111,490258,6706359,2.823,60.493,0.2094444444,1.9640257252,1.0867350848
OSF44.2.2019,III,OSF,OSF44,2,2019,TRUE,TRUE,13,0.03,0.4,1.7,1195,0.01,5.8,3.4,0,NA,5,12,22.91,111,490258,6706359,2.823,60.493,0.2094444444,1.9640257252,1.0867350848
OSF44.3.2019,III,OSF,OSF44,3,2019,TRUE,TRUE,12,0.03,0.34,1.8,1600,0.03,6,2.9,0,NA,5,13,22.91,111,490258,6706359,2.823,60.493,0.2094444444,1.9640257252,1.0867350848
OSF43.1.2019,III,OSF,OSF43,1,2019,TRUE,TRUE,157,0.07,1.06,7.3,2555,0.1,11.2,18,0.02,NA,10.5,61,21.26,110,490709,6706705,2.831,60.496,1.5914351852,2.4784645252,2.0349498552
OSF43.2.2019,III,OSF,OSF43,2,2019,TRUE,TRUE,172,0.07,1.26,3.3,3151,0.07,8.4,8.6,0.02,NA,9.1,31,21.26,110,490709,6706705,2.831,60.496,1.5914351852,2.4784645252,2.0349498552
OSF43.3.2019,III,OSF,OSF43,3,2019,TRUE,TRUE,146,0.11,1.94,3.7,3617,0.08,8.7,9,0.02,NA,10.7,46,21.26,110,490709,6706705,2.831,60.496,1.5914351852,2.4784645252,2.0349498552
OSF17.1.2019,III,OSF,OSF17,1,2019,TRUE,TRUE,4,NA,NA,1.6,136,0.01,4,1,0,NA,2.7,6,24.89,110,490934.625,6706932.2956,2.833,60.496,0.125,0.2095853859,0.1813902573
OSF17.3.2019,III,OSF,OSF17,3,2019,TRUE,TRUE,5,NA,NA,1.9,48,0.01,4.2,0.9,0,NA,2.7,6,24.89,110,490934.625,6706932.2956,2.833,60.496,0.125,0.2095853859,0.1813902573
VFR03.1.2019,III,VFR,VFR03,1,2019,TRUE,TRUE,15,NA,NA,1.6,1772,0.03,6.1,3.4,0.01,NA,4.3,14,26.34,182,494936,6737864.0004,2.907,60.775,0.3888888889,2.0806624589,1.5167379356
VFR03.2.2019,III,VFR,VFR03,2,2019,TRUE,TRUE,12,NA,NA,1.4,1983,0.03,6.7,2.7,0,NA,4,13,26.34,182,494936,6737864.0004,2.907,60.775,0.3888888889,2.0806624589,1.5167379356
VFR03.3.2019,III,VFR,VFR03,3,2019,TRUE,TRUE,15,NA,NA,1.2,2234,0.03,6.5,4.7,0.01,NA,4.9,15,26.34,182,494936,6737864.0004,2.907,60.775,0.3888888889,2.0806624589,1.5167379356
VFR04.1.2019,III,VFR,VFR04,1,2019,TRUE,TRUE,17,0.1,0.4,1.7,4148,0.03,7.3,7.7,0.04,NA,8.2,32,25.8,162,495682.999,6736564.0003,2.921,60.763,0.5514814815,2.6584150075,1.6049482445
VFR04.2.2019,III,VFR,VFR04,2,2019,TRUE,TRUE,48,0.16,0.58,1.7,4387,0.05,7.9,8.1,0.01,NA,8.4,29,25.8,162,495682.999,6736564.0003,2.921,60.763,0.5514814815,2.6584150075,1.6049482445
VFR04.3.2019,III,VFR,VFR04,3,2019,TRUE,TRUE,30,0.41,0.39,1.8,4176,0.04,7.1,6.3,0.01,NA,7.1,27,25.8,162,495682.999,6736564.0003,2.921,60.763,0.5514814815,2.6584150075,1.6049482445
VFR05.1.2019,III,VFR,VFR05,1,2019,TRUE,TRUE,154,11.81,2.7,3.3,5767,0.09,10.8,18.6,0.02,NA,27.9,83,22.15,163,496930,6734398.0005,2.944,60.744,3.0381944444,3.1002180829,3.0692062637
VFR05.2.2019,III,VFR,VFR05,2,2019,TRUE,TRUE,152,0.22,0.66,6,6062,0.27,21.7,30.7,0.03,NA,51.3,160,22.15,163,496930,6734398.0005,2.944,60.744,3.0381944444,3.1002180829,3.0692062637
VFR05.3.2019,III,VFR,VFR05,3,2019,TRUE,TRUE,141,0.47,1.07,4.3,6073,0.16,12.7,25.4,0.04,NA,33,157,22.15,163,496930,6734398.0005,2.944,60.744,3.0381944444,3.1002180829,3.0692062637
VFR20.1.2019,III,VFR,VFR20,1,2019,TRUE,TRUE,24,NA,NA,1.7,2822,0.03,5.8,4.2,0.01,NA,5.1,25,25.33,175,494377,6738511,2.897,60.781,0.5555555556,2.1982904009,1.6507121191
VFR20.2.2019,III,VFR,VFR20,2,2019,TRUE,TRUE,17,NA,NA,1.6,2460,0.03,5.7,3.3,0.01,NA,4.9,18,25.33,175,494377,6738511,2.897,60.781,0.5555555556,2.1982904009,1.6507121191
VFR20.3.2019,III,VFR,VFR20,3,2019,TRUE,TRUE,19,NA,NA,1.5,2039,0.02,5.3,2.8,0,NA,4.4,19,25.33,175,494377,6738511,2.897,60.781,0.5555555556,2.1982904009,1.6507121191
VFRK01.1.2019,III,VFR,VFRK01,1,2019,TRUE,TRUE,23,NA,NA,1.6,2966,0.02,6.2,4.7,0.01,NA,6.5,19,24.82,176,494659,6738877,2.902,60.784,0.6574074074,2.3729799535,1.8011224381
VFRK01.2.2019,III,VFR,VFRK01,2,2019,TRUE,TRUE,23,NA,NA,1.7,3085,0.03,6,5.4,0.01,NA,7,20,24.82,176,494659,6738877,2.902,60.784,0.6574074074,2.3729799535,1.8011224381
VFRK01.3.2019,III,VFR,VFRK01,3,2019,TRUE,TRUE,25,NA,NA,1.6,3043,0.02,6.3,4.1,0.01,NA,6.6,17,24.82,176,494659,6738877,2.902,60.784,0.6574074074,2.3729799535,1.8011224381
VFRK02.1.2019,III,VFR,VFRK02,1,2019,TRUE,TRUE,15,NA,NA,1.2,866,0.03,5.5,2.1,0,NA,3.8,10,24.6,177,494196,6738709,2.893,60.782,0.5462962963,1.5824045567,1.2370351365
VFRK02.2.2019,III,VFR,VFRK02,2,2019,TRUE,TRUE,27,NA,NA,1.1,1169,0.02,5.4,2.4,0,NA,3.7,11,24.6,177,494196,6738709,2.893,60.782,0.5462962963,1.5824045567,1.2370351365
VFRK02.3.2019,III,VFR,VFRK02,3,2019,TRUE,TRUE,17,NA,NA,1.1,1062,0.03,5.3,2.1,0,NA,4.1,10,24.6,177,494196,6738709,2.893,60.782,0.5462962963,1.5824045567,1.2370351365
VFRK03.1.2019,III,VFR,VFRK03,1,2019,TRUE,TRUE,18,NA,NA,1.2,1430,0.03,5.2,3.9,0,NA,4.6,14,23.8,175,494265,6738929,2.895,60.784,0.6018518519,1.7449883689,1.3639428632
VFRK03.2.2019,III,VFR,VFRK03,2,2019,TRUE,TRUE,24,NA,NA,1.1,1191,0.02,5.8,5.1,0.01,NA,4.2,16,23.8,175,494265,6738929,2.895,60.784,0.6018518519,1.7449883689,1.3639428632
VFRK03.3.2019,III,VFR,VFRK03,3,2019,TRUE,TRUE,23,NA,NA,1,1273,0.02,5.2,2.5,0,NA,3.7,11,23.8,175,494265,6738929,2.895,60.784,0.6018518519,1.7449883689,1.3639428632
VFR32.1.2019,III,VFR,VFR32,1,2019,TRUE,TRUE,50954,31.88,750.32,9.4,2826,0.16,28.6,44.4,0.06,NA,22.5,81,0,176,494371,6738823,2.897,60.785,5.5244791667,3.0029702039,4.2637246853
VFR32.2.2019,III,VFR,VFR32,2,2019,TRUE,TRUE,11233,6.03,145.47,10.2,5032,0.4,30.3,35.3,0.04,NA,19.9,129,0,176,494371,6738823,2.897,60.785,5.5244791667,3.0029702039,4.2637246853
VFR32.3.2019,III,VFR,VFR32,3,2019,TRUE,TRUE,13102,12.44,364.76,8.5,3680,0.18,26.2,42.5,0.05,NA,20.5,73,0,176,494371,6738823,2.897,60.785,5.5244791667,3.0029702039,4.2637246853
VFR33.1.2019,III,VFR,VFR33,1,2019,TRUE,TRUE,17614,24,386.11,12.3,7204,0.34,24.3,20.2,0.05,NA,16.3,56,0,133,494336,6738858,2.896,60.785,6,3.1103807471,4.5551903736
VFR33.2.2019,III,VFR,VFR33,2,2019,TRUE,TRUE,44119,40.42,605.49,10.8,6170,0.24,22.9,18.5,0.05,NA,14.7,68,0,133,494336,6738858,2.896,60.785,6,3.1103807471,4.5551903736
VFR33.3.2019,III,VFR,VFR33,3,2019,TRUE,TRUE,50027,55.84,735.67,10.6,5974,0.3,26.1,22.2,0.08,NA,18,80,0,133,494336,6738858,2.896,60.785,6,3.1103807471,4.5551903736
VFR34.1.2019,III,VFR,VFR34,1,2019,TRUE,TRUE,637,1.43,22.48,2.2,3573,0.06,7.7,4.1,0.01,NA,4.3,20,0,178,494301,6738893,2.895,60.785,4.2433333333,2.6114031712,3.4273682523
VFR34.2.2019,III,VFR,VFR34,2,2019,TRUE,TRUE,4159,7.03,151.44,2.7,5282,0.08,9.4,5.9,0.01,NA,5.4,30,0,178,494301,6738893,2.895,60.785,4.2433333333,2.6114031712,3.4273682523
VFR34.3.2019,III,VFR,VFR34,3,2019,TRUE,TRUE,396,0.46,5.49,1.9,3516,0.07,7.9,4.1,0.01,NA,4.1,19,0,178,494301,6738893,2.895,60.785,4.2433333333,2.6114031712,3.4273682523
BRA06.1.2019,III,BRA,BRA06,1,2019,TRUE,TRUE,14,NA,NA,1.9,133,0,4,1,0,NA,3.1,6,23.88,137,502445,6712207,3.045,60.542,0.4907407407,0.340681445,0.3907012102
BRA06.2.2019,III,BRA,BRA06,2,2019,TRUE,TRUE,22,NA,NA,1.8,129,NA,3.9,1.2,0,NA,3.2,6,23.88,137,502445,6712207,3.045,60.542,0.4907407407,0.340681445,0.3907012102
BRA06.3.2019,III,BRA,BRA06,3,2019,TRUE,TRUE,17,NA,NA,1.9,194,NA,4,1.1,0,NA,3.7,6,23.88,137,502445,6712207,3.045,60.542,0.4907407407,0.340681445,0.3907012102
BRA07.1.2019,III,BRA,BRA07,1,2019,TRUE,TRUE,94,0.14,4,3,5387,0.02,6.8,8.1,0.01,NA,9.3,22,19.9,138,502688.495,6711822.7138,3.047,60.54,1.1274074074,2.7857091544,1.9565582809
BRA07.2.2019,III,BRA,BRA07,2,2019,TRUE,TRUE,79,0.09,1.98,3.1,4916,0.03,7.3,10.6,0.01,NA,10.8,26,19.9,138,502688.495,6711822.7138,3.047,60.54,1.1274074074,2.7857091544,1.9565582809
BRA07.3.2019,III,BRA,BRA07,3,2019,TRUE,TRUE,75,0.09,2.01,2.9,4757,0.04,6.9,8.9,0.01,NA,10.7,29,19.9,138,502688.495,6711822.7138,3.047,60.54,1.1274074074,2.7857091544,1.9565582809
BRA08.1.2019,III,BRA,BRA08,1,2019,TRUE,TRUE,37,0.06,1.78,2.4,2369,0.02,5.7,3.4,0,NA,4.5,14,24.44,138,502820,6711557,3.05,60.538,0.7618518519,2.0643438697,1.4130978608
BRA08.2.2019,III,BRA,BRA08,2,2019,TRUE,TRUE,35,0.25,1.67,3.8,1696,0.04,11.5,5.7,0.01,NA,6.5,24,24.44,138,502820,6711557,3.05,60.538,0.7618518519,2.0643438697,1.4130978608
BRA08.3.2019,III,BRA,BRA08,3,2019,TRUE,TRUE,76,0.15,5.15,4,1539,0.04,12.4,6.3,0.01,NA,6.4,28,24.44,138,502820,6711557,3.05,60.538,0.7618518519,2.0643438697,1.4130978608
OSC08.1.2019A,III,OSC,OSC08,1,2019,TRUE,TRUE,15,0.02,0.38,1.2,1023,0.01,5.4,1.5,0,NA,3.7,7,23.54,110,487963,6718910,2.779,60.604,0.187962963,1.7221264368,0.9550446999
DA01.2.2018,II,GK,DA01,2,2018,TRUE,TRUE,6,0.11,0.1,2.4,320,0.03,10,2.7,0,6.1,6.4,15,25,116,424243.4,6493546,1.696,58.574,0.1303703704,0.7357690203,0.4330696953
DA02.1.2018,II,GK,DA02,1,2018,TRUE,TRUE,3,NA,NA,2.3,170,0.03,10,2.3,0,6.1,6.2,15,25,117,424286.8,6493792,1.697,58.576,0.1388888889,0.409318555,0.319175333
DA02.2.2018,II,GK,DA02,2,2018,TRUE,TRUE,6,NA,NA,2.3,190,0.03,11,2.6,0,6.5,6.7,15,25,117,424286.8,6493792,1.697,58.576,0.1388888889,0.409318555,0.319175333
DA02.3.2018,II,GK,DA02,3,2018,TRUE,TRUE,6,NA,NA,2,170,0.03,10,2.3,0.01,6,6.5,14,25,117,424286.8,6493792,1.697,58.576,0.1388888889,0.409318555,0.319175333
DA03.1.2018,II,GK,DA03,1,2018,TRUE,TRUE,5,NA,NA,1.6,87,0.03,7,1.6,0,4.3,4.6,10,25,117,424373.6,6494285,1.698,58.58,0.1481481481,0.273091133,0.2314434714
DA03.2.2018,II,GK,DA03,2,2018,TRUE,TRUE,5,NA,NA,2.7,150,0.03,11,2.5,0,6.8,7,15,25,117,424373.6,6494285,1.698,58.58,0.1481481481,0.273091133,0.2314434714
DA03.3.2018,II,GK,DA03,3,2018,TRUE,TRUE,6,NA,NA,1.9,110,0.03,9.3,1.9,0,5.3,5.6,12,25,117,424373.6,6494285,1.698,58.58,0.1481481481,0.273091133,0.2314434714
DA04.1.2018,II,GK,DA04,1,2018,TRUE,TRUE,6,NA,NA,2.1,160,0.03,10,2.8,0,6.2,6.6,15,25,116,424547.296355334,6495269.61550602,1.701,58.589,0.1574074074,0.3662151067,0.2966125403
DA04.2.2018,II,GK,DA04,2,2018,TRUE,TRUE,5,NA,NA,1.9,160,0.03,9.6,2.2,0,5.8,6.1,15,25,116,424547.296355334,6495269.61550602,1.701,58.589,0.1574074074,0.3662151067,0.2966125403
DA04.3.2018,II,GK,DA04,3,2018,TRUE,TRUE,6,NA,NA,1.8,150,0.03,9.4,2.2,0,5.4,5.8,13,25,116,424547.296355334,6495269.61550602,1.701,58.589,0.1574074074,0.3662151067,0.2966125403
DA05.1.2018,II,GK,DA05,1,2018,TRUE,TRUE,6,0.12,0.12,2.3,170,0.03,10,2.1,0,5.6,6.4,13,26,115,424692.4,6493213,1.704,58.571,0.132037037,0.3466885605,0.2393627988
DA05.2.2018,II,GK,DA05,2,2018,TRUE,TRUE,6,0.1,0.1,2.1,130,0.02,8.9,1.9,0,5.1,5.6,12,26,115,424692.4,6493213,1.704,58.571,0.132037037,0.3466885605,0.2393627988
DA05.3.2018,II,GK,DA05,3,2018,TRUE,TRUE,5,0.1,0.08,2.1,150,0.02,9.4,1.9,0,5.4,5.7,12,26,115,424692.4,6493213,1.704,58.571,0.132037037,0.3466885605,0.2393627988
BRA16.1.2019,III,BRA,BRA16,1,2019,TRUE,TRUE,14,NA,NA,1.8,635,0.01,4.1,1.6,0,NA,5.4,7,23.59,139,502797.971,6712156.9419,3.049,60.543,0.4537037037,1.576460728,1.2022083865
BRA16.2.2019,III,BRA,BRA16,2,2019,TRUE,TRUE,13,NA,NA,1.5,962,0,3.8,2.1,0,NA,5.3,8,23.59,139,502797.971,6712156.9419,3.049,60.543,0.4537037037,1.576460728,1.2022083865
BRA16.3.2019,III,BRA,BRA16,3,2019,TRUE,TRUE,22,NA,NA,1.4,1489,0.01,4,1.9,0,NA,5.8,8,23.59,139,502797.971,6712156.9419,3.049,60.543,0.4537037037,1.576460728,1.2022083865
BRA17.1.2019,III,BRA,BRA17,1,2019,TRUE,TRUE,15,NA,NA,1.3,249,0.01,4,2.1,0,NA,4.5,8,23.47,137,502353,6711865,3.041,60.541,0.3518518519,0.4074712644,0.3889314602
BRA17.2.2019,III,BRA,BRA17,2,2019,TRUE,TRUE,10,NA,NA,1.6,104,0.01,4.1,1.1,0,NA,3.9,6,23.47,137,502353,6711865,3.041,60.541,0.3518518519,0.4074712644,0.3889314602
BRA17.3.2019,III,BRA,BRA17,3,2019,TRUE,TRUE,13,NA,NA,1.5,191,0.01,3.7,1,0,NA,3.8,5,23.47,137,502353,6711865,3.041,60.541,0.3518518519,0.4074712644,0.3889314602
REG902.1.2019,IX,REG9,R902,1,2019,TRUE,TRUE,6,0.06,0.11,4.7,93,0.06,35.7,11.9,0.03,NA,15.8,55,30.11,362,NA,NA,21.998,71.75,NA,NA,NA
REG902.2.2019,IX,REG9,R902,2,2019,TRUE,TRUE,8,0.06,0.11,4.5,82,0.07,31.1,10.5,0.03,NA,12.9,47,30.11,362,NA,NA,21.998,71.75,NA,NA,NA
REG902.3.2019,IX,REG9,R902,3,2019,TRUE,TRUE,5,0.06,0.09,4.1,81,0.06,30.9,10.5,0.03,NA,13.3,49,30.11,362,NA,NA,21.998,71.75,NA,NA,NA
REG905.1.2019,IX,REG9,R905,1,2019,TRUE,TRUE,5,0.01,0.05,1.5,33,0.03,11.6,2.9,0.01,NA,5,15,26.69,309,NA,NA,22.115,71.274,NA,NA,NA
REG905.2.2019,IX,REG9,R905,2,2019,TRUE,TRUE,1,0.02,0.06,1.8,44,0.04,13.2,4,0.01,NA,6.7,19,26.69,309,NA,NA,22.115,71.274,NA,NA,NA
REG905.3.2019,IX,REG9,R905,3,2019,TRUE,TRUE,4,0.01,0.06,1.7,37,0.04,11.8,3.4,0.01,NA,5.7,15,26.69,309,NA,NA,22.115,71.274,NA,NA,NA
REG908.1.2019,IX,REG9,R908,1,2019,TRUE,TRUE,6,0.02,0.06,2,112,0.03,14,4.3,0.01,NA,5.9,20,27.48,391,NA,NA,22.445,71.266,NA,NA,NA
REG908.2.2019,IX,REG9,R908,2,2019,TRUE,TRUE,5,0.01,0.06,1.8,93,0.03,14.1,4.5,0.01,NA,5.8,20,27.48,391,NA,NA,22.445,71.266,NA,NA,NA
REG908.3.2019,IX,REG9,R908,3,2019,TRUE,TRUE,4,0.02,0.06,2.3,90,0.04,15.8,5.3,0.01,NA,6.8,23,27.48,391,NA,NA,22.445,71.266,NA,NA,NA
OSS11.1.2019A,III,OSS,OSS11,1,2019,TRUE,TRUE,68,0.03,0.62,4.3,1757,0.02,4.6,2,0,NA,3,9,24.47,97,488634.352,6695221.5365,2.792,60.391,1.1416666667,1.7376180213,1.439642344
OSS11.2.2019A,III,OSS,OSS11,2,2019,TRUE,TRUE,127,0.05,0.92,3.9,1422,0.02,4.5,1.7,0,NA,2.8,7,24.47,97,488634.352,6695221.5365,2.792,60.391,1.1416666667,1.7376180213,1.439642344
OSS11.3.2019A,III,OSS,OSS11,3,2019,TRUE,TRUE,75,0.02,0.68,3.7,822,0.01,3.4,1.1,0,NA,2.6,6,24.47,97,488634.352,6695221.5365,2.792,60.391,1.1416666667,1.7376180213,1.439642344
OSS11A1.1.2019A,III,OSS,OSS11A1,1,2019,TRUE,TRUE,45646,2.66,39.66,12,7436,0.18,32.5,25.4,0.03,NA,13.4,56,7.03,103,488560,6695046,2.791,60.39,4.035,3.3257936508,3.6803968254
OSS11A1.2.2019A,III,OSS,OSS11A1,2,2019,TRUE,TRUE,27011,2.45,45.78,13.5,8790,0.08,37.3,34.6,0.02,NA,16.1,76,7.03,103,488560,6695046,2.791,60.39,4.035,3.3257936508,3.6803968254
OSS11A1.3.2019A,III,OSS,OSS11A1,3,2019,TRUE,TRUE,22004,1.31,31.21,11.2,7872,0.22,26.6,22.1,0.02,NA,13.8,49,7.03,103,488560,6695046,2.791,60.39,4.035,3.3257936508,3.6803968254
SG06.1.2019,IX,SG,SG06,1,2019,TRUE,TRUE,13,NA,NA,5.2,376,0.11,32.7,13.6,0.03,NA,16.9,52,28.37,321,NA,NA,21.081,71.649,NA,NA,NA
SG06.2.2019,IX,SG,SG06,2,2019,TRUE,TRUE,10,NA,NA,5.7,283,0.09,30.8,12.5,0.03,NA,18.7,51,28.37,321,NA,NA,21.081,71.649,NA,NA,NA
SG06.3.2019,IX,SG,SG06,3,2019,TRUE,TRUE,12,NA,NA,5.5,333,0.13,28.8,13.1,0.03,NA,18.8,48,28.37,321,NA,NA,21.081,71.649,NA,NA,NA
SG07.1.2019,IX,SG,SG07,1,2019,TRUE,TRUE,9,NA,NA,4.4,173,0.08,29,10.1,0.02,NA,14.8,46,29.38,321,NA,NA,21.095,71.642,NA,NA,NA
SG07.2.2019,IX,SG,SG07,2,2019,TRUE,TRUE,8,NA,NA,4.7,164,0.08,30.2,10.2,0.03,NA,15.4,46,29.38,321,NA,NA,21.095,71.642,NA,NA,NA
SG07.3.2019,IX,SG,SG07,3,2019,TRUE,TRUE,9,NA,NA,4.5,201,0.08,23.9,9,0.02,NA,13,40,29.38,321,NA,NA,21.095,71.642,NA,NA,NA
SG08.1.2019,IX,SG,SG08,1,2019,TRUE,TRUE,18,NA,NA,5.9,2820,0.11,29.3,11.8,0.04,NA,19,47,30.38,305,NA,NA,21.061,71.656,NA,NA,NA
SG08.2.2019,IX,SG,SG08,2,2019,TRUE,TRUE,13,NA,NA,5.8,2070,0.09,31.2,13.4,0.03,NA,15.4,48,30.38,305,NA,NA,21.061,71.656,NA,NA,NA
SG08.3.2019,IX,SG,SG08,3,2019,TRUE,TRUE,27,NA,NA,6.1,2890,0.1,28.7,11.1,0.05,NA,17.6,47,30.38,305,NA,NA,21.061,71.656,NA,NA,NA
SG09.1.2019,IX,SG,SG09,1,2019,TRUE,TRUE,12,NA,NA,6.5,581,0.12,33.8,12.8,0.02,NA,19,55,28.46,320,NA,NA,21.055,71.655,NA,NA,NA
SG09.2.2019,IX,SG,SG09,2,2019,TRUE,TRUE,13,NA,NA,6.1,1060,0.15,27.3,12.5,0.03,NA,17,45,28.46,320,NA,NA,21.055,71.655,NA,NA,NA
SG09.3.2019,IX,SG,SG09,3,2019,TRUE,TRUE,12,NA,NA,6.6,916,0.14,31.4,13.1,0.04,NA,20,54,28.46,320,NA,NA,21.055,71.655,NA,NA,NA
SG10.1.2019,IX,SG,SG10,1,2019,TRUE,TRUE,6,NA,NA,5,165,0.07,18.8,7.3,0.02,NA,12.5,28,30.38,314,NA,NA,21.042,71.653,NA,NA,NA
SG10.2.2019,IX,SG,SG10,2,2019,TRUE,TRUE,6,NA,NA,4.6,241,0.08,21.4,8.2,0.02,NA,13.1,34,30.38,314,NA,NA,21.042,71.653,NA,NA,NA
SG10.3.2019,IX,SG,SG10,3,2019,TRUE,TRUE,6,NA,NA,4.5,178,0.08,22.7,8.7,0.03,NA,13.5,37,30.38,314,NA,NA,21.042,71.653,NA,NA,NA
SG11.1.2019,IX,SG,SG11,1,2019,TRUE,TRUE,7,NA,NA,5.4,904,0.08,19.6,8.8,0.02,NA,13.4,36,29.67,317,NA,NA,21.064,71.659,NA,NA,NA
SG11.2.2019,IX,SG,SG11,2,2019,TRUE,TRUE,11,NA,NA,5.8,1370,0.09,26.1,11.2,0.03,NA,14.4,40,29.67,317,NA,NA,21.064,71.659,NA,NA,NA
SG11.3.2019,IX,SG,SG11,3,2019,TRUE,TRUE,8,NA,NA,4.8,669,0.06,23.7,9.5,0.02,NA,14.1,37,29.67,317,NA,NA,21.064,71.659,NA,NA,NA
SG12.1.2019,IX,SG,SG12,1,2019,TRUE,TRUE,11,NA,NA,6.5,751,0.15,34.5,13.7,0.04,NA,22.4,56,28.21,318,NA,NA,21.06,71.661,NA,NA,NA
SG12.2.2019,IX,SG,SG12,2,2019,TRUE,TRUE,11,NA,NA,6.4,783,0.15,32,12.8,0.04,NA,20.1,53,28.21,318,NA,NA,21.06,71.661,NA,NA,NA
SG12.3.2019,IX,SG,SG12,3,2019,TRUE,TRUE,12,NA,NA,6,679,0.13,31.5,12.3,0.04,NA,22.9,47,28.21,318,NA,NA,21.06,71.661,NA,NA,NA
SG13.1.2019,IX,SG,SG13,1,2019,TRUE,TRUE,10,NA,NA,5.3,187,0.09,30.3,12.7,0.03,NA,16.3,47,27.4,316,NA,NA,21.053,71.665,NA,NA,NA
SG13.2.2019,IX,SG,SG13,2,2019,TRUE,TRUE,12,NA,NA,5.2,198,0.11,28.1,12,0.03,NA,16,47,27.4,316,NA,NA,21.053,71.665,NA,NA,NA
SG13.3.2019,IX,SG,SG13,3,2019,TRUE,TRUE,14,NA,NA,5.4,182,0.09,31.7,13,0.03,NA,15.3,51,27.4,316,NA,NA,21.053,71.665,NA,NA,NA
